diagnostic_type,state_mode,fee_rate,strategy_name,segment_name,segment_start_date,segment_end_date,segment_days,segment_total_return,segment_annualized_return,segment_max_drawdown,segment_sharpe,segment_total_turnover,segment_average_exposure,segment_total_fee_cost,segment_trade_count,segment_average_drawdown,segment_pct_position_gt_0,segment_pct_position_gt_0_05,segment_pct_position_gt_0_10,segment_pct_position_gt_0_20,segment_pct_rho_gt_0_5,gross_position_return,net_strategy_return,total_fee_cost,fee_drag,average_position_when_market_return_negative,average_position_when_market_return_positive,total_pnl_from_negative_return_days,total_pnl_from_positive_return_days
segment_metrics,continuous_state_segment_metrics,0.0,v4.1_default,ETH_extra_early_2y,2021-05-18,2023-05-17,730,-0.04152542530778014,-0.020982852707768007,0.04787560649918665,-0.5473470324038372,4.491532016838663,0.0226752075696696,0.0,368.0,0.03383649643035156,0.4712328767123288,0.20273972602739726,0.03561643835616438,0.0,0.0,,,,,,,,
pnl_attribution,continuous_state_segment_metrics,0.0,v4.1_default,ETH_extra_early_2y,2021-05-18,2023-05-17,730,,,,,,,,,,,,,,,-0.040992766346926765,-0.04152542530778014,0.0,0.0005326589608533744,0.024753976883863445,0.020619095141733997,-0.2656373174162491,0.2246445510693223
segment_metrics,continuous_state_segment_metrics,0.0,v4.1_default,ETH_3y_recent,2023-05-18,2026-05-16,1095,0.07781259656658834,0.025292431831441364,0.05040112149350451,0.8028665078281354,6.888397777521582,0.027990782785772432,0.0,581.0,0.032413125999888354,0.4986301369863014,0.228310502283105,0.07123287671232877,0.0091324200913242,0.0,,,,,,,,
pnl_attribution,continuous_state_segment_metrics,0.0,v4.1_default,ETH_3y_recent,2023-05-18,2026-05-16,1095,,,,,,,,,,,,,,,0.07644345147287564,0.07781259656658834,0.0,-0.0013691450937127064,0.027230124056795816,0.02872818396368322,-0.32697797000808354,0.40342142148095916
segment_metrics,continuous_state_segment_metrics,0.0,v4.1_default,ETH_5y_full,2021-05-18,2026-05-16,1825,0.033055970092077835,0.006525472877574545,0.05040112149350451,0.20757818487843793,11.379929794360244,0.025864552699331297,0.0,949.0,0.03298247417207363,0.4876712328767123,0.21808219178082192,0.05698630136986301,0.005479452054794521,0.0,,,,,,,,
pnl_attribution,continuous_state_segment_metrics,0.0,v4.1_default,ETH_5y_full,2021-05-18,2026-05-16,1825,,,,,,,,,,,,,,,0.03545068512594887,0.033055970092077835,0.0,0.0023947150338710366,0.026233625804274248,0.025503876707285208,-0.5926152874243326,0.6280659725502815
segment_metrics,continuous_state_segment_metrics,0.0,v4.2_candidate_A,ETH_extra_early_2y,2021-05-18,2023-05-17,730,-0.06327437373201461,-0.032154130934069935,0.13957977749969086,-0.25396586813652006,13.966877553719769,0.07703576897585507,0.0,368.0,0.0913416998056898,0.4712328767123288,0.39452054794520547,0.3219178082191781,0.15753424657534246,0.37534246575342467,,,,,,,,
pnl_attribution,continuous_state_segment_metrics,0.0,v4.2_candidate_A,ETH_extra_early_2y,2021-05-18,2023-05-17,730,,,,,,,,,,,,,,,-0.05398830648767465,-0.06327437373201461,0.0,0.00928606724433996,0.08308206387866407,0.07105537374501125,-0.8478187218888056,0.7938304154011311
segment_metrics,continuous_state_segment_metrics,0.0,v4.2_candidate_A,ETH_3y_recent,2023-05-18,2026-05-16,1095,0.1981549998161667,0.06211367725901562,0.14733742716520226,0.6792419408772022,20.266614449374686,0.08547115918232895,0.0,581.0,0.09993962083459736,0.4986301369863014,0.4100456621004566,0.3333333333333333,0.16255707762557078,0.5552511415525114,,,,,,,,
pnl_attribution,continuous_state_segment_metrics,0.0,v4.2_candidate_A,ETH_3y_recent,2023-05-18,2026-05-16,1095,,,,,,,,,,,,,,,0.19437052807426686,0.1981549998161667,0.0,-0.003784471741899831,0.08417689995106252,0.0867258457392581,-1.0272981998177309,1.2216687278919978
segment_metrics,continuous_state_segment_metrics,0.0,v4.2_candidate_A,ETH_5y_full,2021-05-18,2026-05-16,1825,0.12234249256891672,0.02335209073647415,0.14733742716520226,0.2809935517379173,34.233492003094455,0.0820970030997394,0.0,949.0,0.09650045242303433,0.4876712328767123,0.40383561643835614,0.3287671232876712,0.16054794520547946,0.4832876712328767,,,,,,,,
pnl_attribution,continuous_state_segment_metrics,0.0,v4.2_candidate_A,ETH_5y_full,2021-05-18,2026-05-16,1825,,,,,,,,,,,,,,,0.14038222158659225,0.12234249256891672,0.0,0.018039729017675532,0.08373629519021923,0.08049500801240156,-1.8751169217065367,2.015499143293129
segment_metrics,continuous_state_segment_metrics,0.0,v4.2_candidate_C,ETH_extra_early_2y,2021-05-18,2023-05-17,730,-0.0760275099778881,-0.03876512234412144,0.1313630067427639,-0.34407234766784056,13.509844666403971,0.06891128155689585,0.0,320.0,0.08795939885676508,0.4123287671232877,0.363013698630137,0.27945205479452057,0.14657534246575343,0.3452054794520548,,,,,,,,
pnl_attribution,continuous_state_segment_metrics,0.0,v4.2_candidate_C,ETH_extra_early_2y,2021-05-18,2023-05-17,730,,,,,,,,,,,,,,,-0.06895147136317224,-0.0760275099778881,0.0,0.007076038614715854,0.07515750338470824,0.06273313844110323,-0.7672358270578103,0.6982843556946381
segment_metrics,continuous_state_segment_metrics,0.0,v4.2_candidate_C,ETH_3y_recent,2023-05-18,2026-05-16,1095,0.19567940859780242,0.06138167061133193,0.14223571474992824,0.6998203709210274,18.899570330202103,0.07658699260508772,0.0,522.0,0.09654323642794187,0.4392694063926941,0.3698630136986301,0.3013698630136986,0.14520547945205478,0.5251141552511416,,,,,,,,
pnl_attribution,continuous_state_segment_metrics,0.0,v4.2_candidate_C,ETH_3y_recent,2023-05-18,2026-05-16,1095,,,,,,,,,,,,,,,0.19108529710108957,0.19567940859780242,0.0,-0.004594111496712849,0.07517333500720563,0.07795742685914965,-0.9238328006849986,1.1149180977860884
segment_metrics,continuous_state_segment_metrics,0.0,v4.2_candidate_C,ETH_5y_full,2021-05-18,2026-05-16,1825,0.10477488043027772,0.02012821177896562,0.14223571474992824,0.25758568531000386,32.409414996606074,0.07351670818581098,0.0,842.0,0.09310970139947115,0.4284931506849315,0.36712328767123287,0.2926027397260274,0.14575342465753424,0.45315068493150684,,,,,,,,
pnl_attribution,continuous_state_segment_metrics,0.0,v4.2_candidate_C,ETH_5y_full,2021-05-18,2026-05-16,1825,,,,,,,,,,,,,,,0.12213382573791735,0.10477488043027772,0.0,0.017358945307639637,0.07516696374449326,0.07190399906995892,-1.6910686277428089,1.8132024534807265
segment_metrics,continuous_state_segment_metrics,0.0,v4.2_candidate_D,ETH_extra_early_2y,2021-05-18,2023-05-17,730,-0.07579753427853164,-0.03864550465425687,0.13084034300447434,-0.34319113645363974,13.354775526735288,0.06903845259761346,0.0,275.0,0.0876979716758526,0.40684931506849314,0.363013698630137,0.27945205479452057,0.14794520547945206,0.3424657534246575,,,,,,,,
pnl_attribution,continuous_state_segment_metrics,0.0,v4.2_candidate_D,ETH_extra_early_2y,2021-05-18,2023-05-17,730,,,,,,,,,,,,,,,-0.06871904329902484,-0.07579753427853164,0.0,0.007078490979506802,0.07532699645195301,0.06281844873078712,-0.7670424043790175,0.6983233610799926
segment_metrics,continuous_state_segment_metrics,0.0,v4.2_candidate_D,ETH_3y_recent,2023-05-18,2026-05-16,1095,0.192649662210729,0.060484429761324066,0.1420815497821023,0.691777475532133,18.35745280052502,0.07653187353930813,0.0,417.0,0.0967015899407587,0.5031963470319635,0.3680365296803653,0.30319634703196346,0.14703196347031963,0.5278538812785388,,,,,,,,
pnl_attribution,continuous_state_segment_metrics,0.0,v4.2_candidate_D,ETH_3y_recent,2023-05-18,2026-05-16,1095,,,,,,,,,,,,,,,0.18849758804587552,0.192649662210729,0.0,-0.00415207416485347,0.07513686841392979,0.0778842256302774,-0.9240037224095305,1.1125013104554062
segment_metrics,continuous_state_segment_metrics,0.0,v4.2_candidate_D,ETH_5y_full,2021-05-18,2026-05-16,1825,0.10224975855703211,0.019661454899975617,0.1420815497821023,0.25300165257496243,31.71222832726031,0.07353450516263024,0.0,692.0,0.09310014263479625,0.46465753424657535,0.36602739726027395,0.2936986301369863,0.1473972602739726,0.4536986301369863,,,,,,,,
pnl_attribution,continuous_state_segment_metrics,0.0,v4.2_candidate_D,ETH_5y_full,2021-05-18,2026-05-16,1825,,,,,,,,,,,,,,,0.11977854474685072,0.10224975855703211,0.0,0.01752878618981861,0.07521338335606109,0.07189382463123847,-1.6910461267885482,1.8108246715353988
segment_metrics,continuous_state_segment_metrics,0.0,true_buy_and_hold,ETH_extra_early_2y,2021-05-18,2023-05-17,730,-0.44490039634304246,-0.25494993211398365,0.7930253453633334,0.10274739407227075,0.0,1.0,0.0,0.0,0.46977675565264493,1.0,1.0,1.0,1.0,,,,,,,,,
pnl_attribution,continuous_state_segment_metrics,0.0,true_buy_and_hold,ETH_extra_early_2y,2021-05-18,2023-05-17,730,,,,,,,,,,,,,,,0.17896882028160732,-0.44490039634304246,0.0,0.6238692166246498,1.0,1.0,-11.730490544480467,11.909459364762077
segment_metrics,continuous_state_segment_metrics,0.0,true_buy_and_hold,ETH_3y_recent,2023-05-18,2026-05-16,1095,0.19790134568524587,0.06203872075346961,0.6935490580243677,0.41454423275220087,0.0,1.0,0.0,0.0,0.43510677486409105,1.0,1.0,1.0,1.0,,,,,,,,,
pnl_attribution,continuous_state_segment_metrics,0.0,true_buy_and_hold,ETH_3y_recent,2023-05-18,2026-05-16,1095,,,,,,,,,,,,,,,0.8087453625948278,0.19790134568524587,0.0,0.6108440169095819,1.0,1.0,-12.378185469971548,13.186930832566375
segment_metrics,continuous_state_segment_metrics,0.0,true_buy_and_hold,ETH_5y_full,2021-05-18,2026-05-16,1825,-0.33504543778998397,-0.07836619932451394,0.7930253453633334,0.2646495106534417,0.0,1.0,0.0,0.0,0.4489747671795126,1.0,1.0,1.0,1.0,,,,,,,,,
pnl_attribution,continuous_state_segment_metrics,0.0,true_buy_and_hold,ETH_5y_full,2021-05-18,2026-05-16,1825,,,,,,,,,,,,,,,0.9877141828764351,-0.33504543778998397,0.0,1.3227596206664192,1.0,1.0,-24.108676014452016,25.09639019732845
segment_metrics,continuous_state_segment_metrics,0.0,fixed_0_5_exposure,ETH_extra_early_2y,2021-05-18,2023-05-17,730,-0.1085258250785669,-0.055820898917248285,0.5193367154482997,0.08658107045245496,0.5,0.49931506849315066,0.0,1.0,0.2547113348615249,1.0,1.0,1.0,1.0,,,,,,,,,
pnl_attribution,continuous_state_segment_metrics,0.0,fixed_0_5_exposure,ETH_extra_early_2y,2021-05-18,2023-05-17,730,,,,,,,,,,,,,,,0.07538544319173113,-0.1085258250785669,0.0,0.18391126827029802,0.5,0.4986376021798365,-5.865245272240234,5.940630715431966
segment_metrics,continuous_state_segment_metrics,0.0,fixed_0_5_exposure,ETH_3y_recent,2023-05-18,2026-05-16,1095,0.279773886054133,0.08570310873977882,0.3778080637128193,0.4145442327521984,0.0,0.5,0.0,0.0,0.18603651563897214,1.0,1.0,1.0,1.0,,,,,,,,,
pnl_attribution,continuous_state_segment_metrics,0.0,fixed_0_5_exposure,ETH_3y_recent,2023-05-18,2026-05-16,1095,,,,,,,,,,,,,,,0.4043726812974139,0.279773886054133,0.0,0.12459879524328088,0.5,0.5,-6.189092734985774,6.593465416283188
segment_metrics,continuous_state_segment_metrics,0.0,fixed_0_5_exposure,ETH_5y_full,2021-05-18,2026-05-16,1825,0.14088536915610428,0.026711442424711462,0.5193367154482997,0.2571294259174581,0.5,0.4997260273972603,0.0,1.0,0.21350644332799326,1.0,1.0,1.0,1.0,,,,,,,,,
pnl_attribution,continuous_state_segment_metrics,0.0,fixed_0_5_exposure,ETH_5y_full,2021-05-18,2026-05-16,1825,,,,,,,,,,,,,,,0.479758124489145,0.14088536915610428,0.0,0.33887275533304073,0.5,0.49945828819068255,-12.054338007226008,12.534096131715152
segment_metrics,reset_state_segment_metrics,0.0,v4.1_default,ETH_extra_early_2y,2021-05-18,2023-05-17,730,-0.04152542530778014,-0.020982852707768007,0.04787560649918665,-0.5473470324038372,4.491532016838663,0.0226752075696696,0.0,368.0,0.03383649643035156,0.4712328767123288,0.20273972602739726,0.03561643835616438,0.0,0.0,,,,,,,,
pnl_attribution,reset_state_segment_metrics,0.0,v4.1_default,ETH_extra_early_2y,2021-05-18,2023-05-17,730,,,,,,,,,,,,,,,-0.040992766346926765,-0.04152542530778014,0.0,0.0005326589608533744,0.024753976883863445,0.020619095141733997,-0.2656373174162491,0.2246445510693223
segment_metrics,reset_state_segment_metrics,0.0,v4.1_default,ETH_3y_recent,2023-05-18,2026-05-16,1095,0.07829964656231292,0.02544684750491677,0.03985438490827464,0.7833640792271728,7.476262041810395,0.029389734719718574,0.0,581.0,0.023888443727335503,0.4986301369863014,0.2447488584474886,0.07671232876712329,0.0091324200913242,0.0,,,,,,,,
pnl_attribution,reset_state_segment_metrics,0.0,v4.1_default,ETH_3y_recent,2023-05-18,2026-05-16,1095,,,,,,,,,,,,,,,0.07699376638863845,0.07829964656231292,0.0,-0.001305880173674473,0.02873384642808142,0.03002556887294237,-0.34144913065983484,0.41844289704847326
segment_metrics,reset_state_segment_metrics,0.0,v4.1_default,ETH_5y_full,2021-05-18,2026-05-16,1825,0.033055970092077835,0.006525472877574545,0.05040112149350451,0.20757818487843793,11.379929794360244,0.025864552699331297,0.0,949.0,0.03298247417207363,0.4876712328767123,0.21808219178082192,0.05698630136986301,0.005479452054794521,0.0,,,,,,,,
pnl_attribution,reset_state_segment_metrics,0.0,v4.1_default,ETH_5y_full,2021-05-18,2026-05-16,1825,,,,,,,,,,,,,,,0.03545068512594887,0.033055970092077835,0.0,0.0023947150338710366,0.026233625804274248,0.025503876707285208,-0.5926152874243326,0.6280659725502815
segment_metrics,reset_state_segment_metrics,0.0,v4.2_candidate_A,ETH_extra_early_2y,2021-05-18,2023-05-17,730,-0.06327437373201461,-0.032154130934069935,0.13957977749969086,-0.25396586813652006,13.966877553719769,0.07703576897585507,0.0,368.0,0.0913416998056898,0.4712328767123288,0.39452054794520547,0.3219178082191781,0.15753424657534246,0.37534246575342467,,,,,,,,
pnl_attribution,reset_state_segment_metrics,0.0,v4.2_candidate_A,ETH_extra_early_2y,2021-05-18,2023-05-17,730,,,,,,,,,,,,,,,-0.05398830648767465,-0.06327437373201461,0.0,0.00928606724433996,0.08308206387866407,0.07105537374501125,-0.8478187218888056,0.7938304154011311
segment_metrics,reset_state_segment_metrics,0.0,v4.2_candidate_A,ETH_3y_recent,2023-05-18,2026-05-16,1095,0.25205507934490035,0.07780735969097341,0.11949487258634417,0.746843892468996,24.49267387678419,0.10120808871192175,0.0,581.0,0.07499992025720904,0.4995433789954338,0.4228310502283105,0.35251141552511417,0.2182648401826484,0.31232876712328766,,,,,,,,
pnl_attribution,reset_state_segment_metrics,0.0,v4.2_candidate_A,ETH_3y_recent,2023-05-18,2026-05-16,1095,,,,,,,,,,,,,,,0.24219616868814914,0.25205507934490035,0.0,-0.009858910656751207,0.0994001156538919,0.10296078201817732,-1.1732144581083834,1.4154106267965327
segment_metrics,reset_state_segment_metrics,0.0,v4.2_candidate_A,ETH_5y_full,2021-05-18,2026-05-16,1825,0.12234249256891672,0.02335209073647415,0.14733742716520226,0.2809935517379173,34.233492003094455,0.0820970030997394,0.0,949.0,0.09650045242303433,0.4876712328767123,0.40383561643835614,0.3287671232876712,0.16054794520547946,0.4832876712328767,,,,,,,,
pnl_attribution,reset_state_segment_metrics,0.0,v4.2_candidate_A,ETH_5y_full,2021-05-18,2026-05-16,1825,,,,,,,,,,,,,,,0.14038222158659225,0.12234249256891672,0.0,0.018039729017675532,0.08373629519021923,0.08049500801240156,-1.8751169217065367,2.015499143293129
segment_metrics,reset_state_segment_metrics,0.0,v4.2_candidate_C,ETH_extra_early_2y,2021-05-18,2023-05-17,730,-0.0760275099778881,-0.03876512234412144,0.1313630067427639,-0.34407234766784056,13.509844666403971,0.06891128155689585,0.0,320.0,0.08795939885676508,0.4123287671232877,0.363013698630137,0.27945205479452057,0.14657534246575343,0.3452054794520548,,,,,,,,
pnl_attribution,reset_state_segment_metrics,0.0,v4.2_candidate_C,ETH_extra_early_2y,2021-05-18,2023-05-17,730,,,,,,,,,,,,,,,-0.06895147136317224,-0.0760275099778881,0.0,0.007076038614715854,0.07515750338470824,0.06273313844110323,-0.7672358270578103,0.6982843556946381
segment_metrics,reset_state_segment_metrics,0.0,v4.2_candidate_C,ETH_3y_recent,2023-05-18,2026-05-16,1095,0.24068662486719483,0.07453533185848071,0.11367895280253404,0.7514892344961351,22.829940478768595,0.09021547523451563,0.0,522.0,0.07212620992949778,0.44018264840182647,0.3789954337899543,0.32146118721461187,0.1917808219178082,0.28127853881278536,,,,,,,,
pnl_attribution,reset_state_segment_metrics,0.0,v4.2_candidate_C,ETH_3y_recent,2023-05-18,2026-05-16,1095,,,,,,,,,,,,,,,0.2313565831955267,0.24068662486719483,0.0,-0.009330041671668121,0.08827737289561467,0.09209431904866602,-1.052297547502124,1.2836541306976506
segment_metrics,reset_state_segment_metrics,0.0,v4.2_candidate_C,ETH_5y_full,2021-05-18,2026-05-16,1825,0.10477488043027772,0.02012821177896562,0.14223571474992824,0.25758568531000386,32.409414996606074,0.07351670818581098,0.0,842.0,0.09310970139947115,0.4284931506849315,0.36712328767123287,0.2926027397260274,0.14575342465753424,0.45315068493150684,,,,,,,,
pnl_attribution,reset_state_segment_metrics,0.0,v4.2_candidate_C,ETH_5y_full,2021-05-18,2026-05-16,1825,,,,,,,,,,,,,,,0.12213382573791735,0.10477488043027772,0.0,0.017358945307639637,0.07516696374449326,0.07190399906995892,-1.6910686277428089,1.8132024534807265
segment_metrics,reset_state_segment_metrics,0.0,v4.2_candidate_D,ETH_extra_early_2y,2021-05-18,2023-05-17,730,-0.07579753427853164,-0.03864550465425687,0.13084034300447434,-0.34319113645363974,13.354775526735288,0.06903845259761346,0.0,275.0,0.0876979716758526,0.40684931506849314,0.363013698630137,0.27945205479452057,0.14794520547945206,0.3424657534246575,,,,,,,,
pnl_attribution,reset_state_segment_metrics,0.0,v4.2_candidate_D,ETH_extra_early_2y,2021-05-18,2023-05-17,730,,,,,,,,,,,,,,,-0.06871904329902484,-0.07579753427853164,0.0,0.007078490979506802,0.07532699645195301,0.06281844873078712,-0.7670424043790175,0.6983233610799926
segment_metrics,reset_state_segment_metrics,0.0,v4.2_candidate_D,ETH_3y_recent,2023-05-18,2026-05-16,1095,0.23908250441673307,0.0740720326209281,0.11400491799903467,0.7491321451500903,22.335837125840648,0.09032273382176767,0.0,432.0,0.07228783566656312,0.5068493150684932,0.3771689497716895,0.32146118721461187,0.1917808219178082,0.28401826484018267,,,,,,,,
pnl_attribution,reset_state_segment_metrics,0.0,v4.2_candidate_D,ETH_3y_recent,2023-05-18,2026-05-16,1095,,,,,,,,,,,,,,,0.229976934736223,0.23908250441673307,0.0,-0.009105569680510073,0.08838279955832068,0.09220335354838265,-1.0525601585889621,1.282537093325185
segment_metrics,reset_state_segment_metrics,0.0,v4.2_candidate_D,ETH_5y_full,2021-05-18,2026-05-16,1825,0.10224975855703211,0.019661454899975617,0.1420815497821023,0.25300165257496243,31.71222832726031,0.07353450516263024,0.0,692.0,0.09310014263479625,0.46465753424657535,0.36602739726027395,0.2936986301369863,0.1473972602739726,0.4536986301369863,,,,,,,,
pnl_attribution,reset_state_segment_metrics,0.0,v4.2_candidate_D,ETH_5y_full,2021-05-18,2026-05-16,1825,,,,,,,,,,,,,,,0.11977854474685072,0.10224975855703211,0.0,0.01752878618981861,0.07521338335606109,0.07189382463123847,-1.6910461267885482,1.8108246715353988
segment_metrics,reset_state_segment_metrics,0.0,true_buy_and_hold,ETH_extra_early_2y,2021-05-18,2023-05-17,730,-0.44490039634304246,-0.25494993211398365,0.7930253453633334,0.10274739407227075,0.0,1.0,0.0,0.0,0.46977675565264493,1.0,1.0,1.0,1.0,,,,,,,,,
pnl_attribution,reset_state_segment_metrics,0.0,true_buy_and_hold,ETH_extra_early_2y,2021-05-18,2023-05-17,730,,,,,,,,,,,,,,,0.17896882028160732,-0.44490039634304246,0.0,0.6238692166246498,1.0,1.0,-11.730490544480467,11.909459364762077
segment_metrics,reset_state_segment_metrics,0.0,true_buy_and_hold,ETH_3y_recent,2023-05-18,2026-05-16,1095,0.19789585757249806,0.062037098862216755,0.6375196811651249,0.41454189990629514,0.0,1.0,0.0,0.0,0.24862694593512766,1.0,1.0,1.0,1.0,,,,,,,,,
pnl_attribution,reset_state_segment_metrics,0.0,true_buy_and_hold,ETH_3y_recent,2023-05-18,2026-05-16,1095,,,,,,,,,,,,,,,0.8087408675259184,0.19789585757249806,0.0,0.6108450099534204,1.0,1.0,-12.378189965040455,13.186930832566375
segment_metrics,reset_state_segment_metrics,0.0,true_buy_and_hold,ETH_5y_full,2021-05-18,2026-05-16,1825,-0.33504543778998397,-0.07836619932451394,0.7930253453633334,0.2646495106534417,0.0,1.0,0.0,0.0,0.4489747671795126,1.0,1.0,1.0,1.0,,,,,,,,,
pnl_attribution,reset_state_segment_metrics,0.0,true_buy_and_hold,ETH_5y_full,2021-05-18,2026-05-16,1825,,,,,,,,,,,,,,,0.9877141828764351,-0.33504543778998397,0.0,1.3227596206664192,1.0,1.0,-24.108676014452016,25.09639019732845
segment_metrics,reset_state_segment_metrics,0.0,fixed_0_5_exposure,ETH_extra_early_2y,2021-05-18,2023-05-17,730,-0.1085258250785669,-0.055820898917248285,0.5193367154482997,0.08658107045245496,0.5,0.49931506849315066,0.0,1.0,0.2547113348615249,1.0,1.0,1.0,1.0,,,,,,,,,
pnl_attribution,reset_state_segment_metrics,0.0,fixed_0_5_exposure,ETH_extra_early_2y,2021-05-18,2023-05-17,730,,,,,,,,,,,,,,,0.07538544319173113,-0.1085258250785669,0.0,0.18391126827029802,0.5,0.4986376021798365,-5.865245272240234,5.940630715431966
segment_metrics,reset_state_segment_metrics,0.0,fixed_0_5_exposure,ETH_3y_recent,2023-05-18,2026-05-16,1095,0.2873874051005849,0.0878518433765465,0.3778080637128194,0.42063302859612667,0.5,0.4995433789954338,0.0,1.0,0.12603256018259693,1.0,1.0,1.0,1.0,,,,,,,,,
pnl_attribution,reset_state_segment_metrics,0.0,fixed_0_5_exposure,ETH_3y_recent,2023-05-18,2026-05-16,1095,,,,,,,,,,,,,,,0.410286619305075,0.2873874051005849,0.0,0.12289921420449007,0.49907235621521334,0.5,-6.183178796978112,6.593465416283188
segment_metrics,reset_state_segment_metrics,0.0,fixed_0_5_exposure,ETH_5y_full,2021-05-18,2026-05-16,1825,0.14088536915610428,0.026711442424711462,0.5193367154482997,0.2571294259174581,0.5,0.4997260273972603,0.0,1.0,0.21350644332799326,1.0,1.0,1.0,1.0,,,,,,,,,
pnl_attribution,reset_state_segment_metrics,0.0,fixed_0_5_exposure,ETH_5y_full,2021-05-18,2026-05-16,1825,,,,,,,,,,,,,,,0.479758124489145,0.14088536915610428,0.0,0.33887275533304073,0.5,0.49945828819068255,-12.054338007226008,12.534096131715152
segment_metrics,continuous_state_segment_metrics,0.001,v4.1_default,ETH_extra_early_2y,2021-05-18,2023-05-17,730,-0.04559195000395333,-0.02306190063236524,0.05046249707664918,-0.6052711918322555,4.451089407689352,0.022469193355373923,0.004306565293147667,368.0,0.03585408632411045,0.4712328767123288,0.2,0.03424657534246575,0.0,0.0,,,,,,,,
pnl_attribution,continuous_state_segment_metrics,0.001,v4.1_default,ETH_extra_early_2y,2021-05-18,2023-05-17,730,,,,,,,,,,,,,,,-0.040805053757020475,-0.04559195000395333,0.004306565293147667,0.004786896246932855,0.024526654890588938,0.02043415646904409,-0.2636221556773738,0.2228171019203533
segment_metrics,continuous_state_segment_metrics,0.001,v4.1_default,ETH_3y_recent,2023-05-18,2026-05-16,1095,0.06871798846437494,0.022400468457931755,0.0549427250481066,0.7193340025688383,6.822707069639553,0.02768708248995835,0.006779930518388558,581.0,0.03452755133939766,0.4986301369863014,0.2237442922374429,0.0684931506849315,0.00821917808219178,0.0,,,,,,,,
pnl_attribution,continuous_state_segment_metrics,0.001,v4.1_default,ETH_3y_recent,2023-05-18,2026-05-16,1095,,,,,,,,,,,,,,,0.07476645082310272,0.06871798846437494,0.006779930518388558,0.006048462358727788,0.02696569324775991,0.028386414866837774,-0.32420593000117875,0.39897238082428155
segment_metrics,continuous_state_segment_metrics,0.001,v4.1_default,ETH_5y_full,2021-05-18,2026-05-16,1825,0.019993051365981618,0.003967010816617433,0.0549427250481066,0.13356350066341402,11.273796477328904,0.02559992683612458,0.011086495811536225,949.0,0.03505816533328277,0.4876712328767123,0.21424657534246574,0.0547945205479452,0.004931506849315068,0.0,,,,,,,,
pnl_attribution,continuous_state_segment_metrics,0.001,v4.1_default,ETH_5y_full,2021-05-18,2026-05-16,1825,,,,,,,,,,,,,,,0.033961397066082255,0.019993051365981618,0.011086495811536225,0.013968345700100637,0.02598412903084964,0.02522446596977355,-0.5878280856785526,0.6217894827446349
segment_metrics,continuous_state_segment_metrics,0.001,v4.2_candidate_A,ETH_extra_early_2y,2021-05-18,2023-05-17,730,-0.07446642689002902,-0.03795344545600554,0.1439708129364582,-0.3148154224930643,13.652962059006985,0.07534675578430411,0.0132387856333369,368.0,0.09505078468502466,0.4712328767123288,0.39452054794520547,0.3150684931506849,0.15342465753424658,0.4,,,,,,,,
pnl_attribution,continuous_state_segment_metrics,0.001,v4.2_candidate_A,ETH_extra_early_2y,2021-05-18,2023-05-17,730,,,,,,,,,,,,,,,-0.052616081442963855,-0.07446642689002902,0.0132387856333369,0.02185034544706517,0.08123628737413342,0.06952141527447298,-0.8317425684477602,0.7791264870047963
segment_metrics,continuous_state_segment_metrics,0.001,v4.2_candidate_A,ETH_3y_recent,2023-05-18,2026-05-16,1095,0.15257290256513922,0.04847030544321851,0.15544156095224004,0.558511476214631,19.596482869885158,0.08209207520161228,0.019953620818429184,581.0,0.10503675004677106,0.4986301369863014,0.4063926940639269,0.32968036529680367,0.1506849315068493,0.6027397260273972,,,,,,,,
pnl_attribution,continuous_state_segment_metrics,0.001,v4.2_candidate_A,ETH_3y_recent,2023-05-18,2026-05-16,1095,,,,,,,,,,,,,,,0.17431190213261302,0.15257290256513922,0.019953620818429184,0.0217389995674738,0.08119787582202985,0.08295893395268229,-0.9957206013157931,1.170032503448406
segment_metrics,continuous_state_segment_metrics,0.001,v4.2_candidate_A,ETH_5y_full,2021-05-18,2026-05-16,1825,0.06674491678084382,0.013006230292550436,0.15544156095224004,0.18113031283366174,33.24944492889214,0.07939394743468901,0.033192406451766084,949.0,0.1010423639020725,0.4876712328767123,0.40164383561643835,0.3238356164383562,0.15178082191780823,0.5216438356164383,,,,,,,,
pnl_attribution,continuous_state_segment_metrics,0.001,v4.2_candidate_A,ETH_5y_full,2021-05-18,2026-05-16,1825,,,,,,,,,,,,,,,0.12169582068964917,0.06674491678084382,0.033192406451766084,0.054950903908805346,0.08121333412958373,0.07761595523664457,-1.8274631697635533,1.9491589904532023
segment_metrics,continuous_state_segment_metrics,0.001,v4.2_candidate_C,ETH_extra_early_2y,2021-05-18,2023-05-17,730,-0.0866577077425128,-0.0443105670472822,0.13557061788483427,-0.40644700404317363,13.223777307366236,0.0675206094191596,0.012686945090355844,320.0,0.09147772174367982,0.4123287671232877,0.36027397260273974,0.27534246575342464,0.14520547945205478,0.37945205479452054,,,,,,,,
pnl_attribution,continuous_state_segment_metrics,0.001,v4.2_candidate_C,ETH_extra_early_2y,2021-05-18,2023-05-17,730,,,,,,,,,,,,,,,-0.06751037389365194,-0.0866577077425128,0.012686945090355844,0.01914733384886086,0.07363100983815211,0.061476807369856376,-0.7539058302978312,0.6863954564041792
segment_metrics,continuous_state_segment_metrics,0.001,v4.2_candidate_C,ETH_3y_recent,2023-05-18,2026-05-16,1095,0.15345709815411035,0.04873834802733468,0.14993617929036385,0.583603890416003,18.28894803541482,0.07372974590651202,0.01830104528964823,522.0,0.10133783775647497,0.4392694063926941,0.3680365296803653,0.29315068493150687,0.13515981735159818,0.554337899543379,,,,,,,,
pnl_attribution,continuous_state_segment_metrics,0.001,v4.2_candidate_C,ETH_3y_recent,2023-05-18,2026-05-16,1095,,,,,,,,,,,,,,,0.17264628487755193,0.15345709815411035,0.01830104528964823,0.01918918672344158,0.0726787345702345,0.0747486220040904,-0.897158105815298,1.06980439069285
segment_metrics,continuous_state_segment_metrics,0.001,v4.2_candidate_C,ETH_5y_full,2021-05-18,2026-05-16,1825,0.05350115004874456,0.01047832634119894,0.14993617929036385,0.1587648870061045,31.512725342781053,0.07124609131157104,0.030987990380004073,842.0,0.09739379135135691,0.4284931506849315,0.3649315068493151,0.286027397260274,0.13917808219178082,0.4843835616438356,,,,,,,,
pnl_attribution,continuous_state_segment_metrics,0.001,v4.2_candidate_C,ETH_5y_full,2021-05-18,2026-05-16,1825,,,,,,,,,,,,,,,0.10513591098389999,0.05350115004874456,0.030987990380004073,0.05163476093515543,0.07306196730000622,0.0694715299447579,-1.6510639361131294,1.7561998470970293
segment_metrics,continuous_state_segment_metrics,0.001,v4.2_candidate_D,ETH_extra_early_2y,2021-05-18,2023-05-17,730,-0.08675900995848063,-0.044363568064967884,0.13500892197939163,-0.40730732884569654,13.07462846635336,0.06767119215206063,0.012542588936322385,274.0,0.0911983360003927,0.40684931506849314,0.36164383561643837,0.27808219178082194,0.14520547945205478,0.37534246575342467,,,,,,,,
pnl_attribution,continuous_state_segment_metrics,0.001,v4.2_candidate_D,ETH_extra_early_2y,2021-05-18,2023-05-17,730,,,,,,,,,,,,,,,-0.06778194594371074,-0.08675900995848063,0.012542588936322385,0.01897706401476988,0.07383695504633069,0.06157263103320496,-0.7543272445218379,0.6865452985781271
segment_metrics,continuous_state_segment_metrics,0.001,v4.2_candidate_D,ETH_3y_recent,2023-05-18,2026-05-16,1095,0.15099035761041435,0.0479902168280979,0.14999388449254658,0.5765544984921022,17.72470272871546,0.07363178862359006,0.017722614751923174,411.0,0.10153004204462347,0.502283105022831,0.36712328767123287,0.29315068493150687,0.13515981735159818,0.5589041095890411,,,,,,,,
pnl_attribution,continuous_state_segment_metrics,0.001,v4.2_candidate_D,ETH_3y_recent,2023-05-18,2026-05-16,1095,,,,,,,,,,,,,,,0.16989198640257136,0.15099035761041435,0.017722614751923174,0.01890162879215701,0.07260794575809623,0.07462432694103822,-0.8970218745718289,1.0669138609744004
segment_metrics,continuous_state_segment_metrics,0.001,v4.2_candidate_D,ETH_5y_full,2021-05-18,2026-05-16,1825,0.0511315737123772,0.010023355280415203,0.14999388449254658,0.15400210057669947,30.799331195068824,0.07124755003497828,0.030265203688245555,685.0,0.09739735962693116,0.4641095890410959,0.3649315068493151,0.28712328767123285,0.13917808219178082,0.48547945205479454,,,,,,,,
pnl_attribution,continuous_state_segment_metrics,0.001,v4.2_candidate_D,ETH_5y_full,2021-05-18,2026-05-16,1825,,,,,,,,,,,,,,,0.1021100404588606,0.0511315737123772,0.030265203688245555,0.0509784667464834,0.07310254705701985,0.06943475771224644,-1.6513491190936669,1.7534591595525275
segment_metrics,continuous_state_segment_metrics,0.001,true_buy_and_hold,ETH_extra_early_2y,2021-05-18,2023-05-17,730,-0.4454554959466994,-0.2553225503257799,0.7930253453633335,0.10215899760540786,1.0,1.0,0.001,1.0,0.46977675565264493,1.0,1.0,1.0,1.0,,,,,,,,,
pnl_attribution,continuous_state_segment_metrics,0.001,true_buy_and_hold,ETH_extra_early_2y,2021-05-18,2023-05-17,730,,,,,,,,,,,,,,,0.17896882028160732,-0.4454554959466994,0.001,0.6244243162283067,1.0,1.0,-11.730490544480467,11.909459364762077
segment_metrics,continuous_state_segment_metrics,0.001,true_buy_and_hold,ETH_3y_recent,2023-05-18,2026-05-16,1095,0.19790134568524587,0.06203872075346961,0.6935490580243677,0.4145442327521999,0.0,1.0,0.0,0.0,0.43510677486409105,1.0,1.0,1.0,1.0,,,,,,,,,
pnl_attribution,continuous_state_segment_metrics,0.001,true_buy_and_hold,ETH_3y_recent,2023-05-18,2026-05-16,1095,,,,,,,,,,,,,,,0.8087453625948278,0.19790134568524587,0.0,0.6108440169095819,1.0,1.0,-12.378185469971548,13.186930832566375
segment_metrics,continuous_state_segment_metrics,0.001,true_buy_and_hold,ETH_5y_full,2021-05-18,2026-05-16,1825,-0.3357103923521939,-0.07855059985962243,0.7930253453633335,0.2643766624188043,1.0,1.0,0.001,1.0,0.4489747671795126,1.0,1.0,1.0,1.0,,,,,,,,,
pnl_attribution,continuous_state_segment_metrics,0.001,true_buy_and_hold,ETH_5y_full,2021-05-18,2026-05-16,1825,,,,,,,,,,,,,,,0.9877141828764351,-0.3357103923521939,0.001,1.3234245752286289,1.0,1.0,-24.108676014452016,25.09639019732845
segment_metrics,continuous_state_segment_metrics,0.001,fixed_0_5_exposure,ETH_extra_early_2y,2021-05-18,2023-05-17,730,-0.10897156216602988,-0.05605697320549574,0.5193367154483004,0.0860067745171676,0.5,0.49931506849315066,0.0005,1.0,0.2547590660281097,1.0,1.0,1.0,1.0,,,,,,,,,
pnl_attribution,continuous_state_segment_metrics,0.001,fixed_0_5_exposure,ETH_extra_early_2y,2021-05-18,2023-05-17,730,,,,,,,,,,,,,,,0.07538544319173113,-0.10897156216602988,0.0005,0.184357005357761,0.5,0.4986376021798365,-5.865245272240234,5.940630715431966
segment_metrics,continuous_state_segment_metrics,0.001,fixed_0_5_exposure,ETH_3y_recent,2023-05-18,2026-05-16,1095,0.2797738860541332,0.08570310873977882,0.37780806371281905,0.4145442327521996,0.0,0.5,0.0,0.0,0.1860365156389727,1.0,1.0,1.0,1.0,,,,,,,,,
pnl_attribution,continuous_state_segment_metrics,0.001,fixed_0_5_exposure,ETH_3y_recent,2023-05-18,2026-05-16,1095,,,,,,,,,,,,,,,0.4043726812974139,0.2797738860541332,0.0,0.12459879524328066,0.5,0.5,-6.189092734985774,6.593465416283188
segment_metrics,continuous_state_segment_metrics,0.001,fixed_0_5_exposure,ETH_5y_full,2021-05-18,2026-05-16,1825,0.14031492647152355,0.02660875074007718,0.5193367154483004,0.25686135314950864,0.5,0.4997260273972603,0.0005,1.0,0.2135255357946275,1.0,1.0,1.0,1.0,,,,,,,,,
pnl_attribution,continuous_state_segment_metrics,0.001,fixed_0_5_exposure,ETH_5y_full,2021-05-18,2026-05-16,1825,,,,,,,,,,,,,,,0.479758124489145,0.14031492647152355,0.0005,0.33944319801762146,0.5,0.49945828819068255,-12.054338007226008,12.534096131715152
segment_metrics,reset_state_segment_metrics,0.001,v4.1_default,ETH_extra_early_2y,2021-05-18,2023-05-17,730,-0.04559195000395333,-0.02306190063236524,0.05046249707664918,-0.6052711918322555,4.451089407689352,0.022469193355373923,0.004306565293147667,368.0,0.03585408632411045,0.4712328767123288,0.2,0.03424657534246575,0.0,0.0,,,,,,,,
pnl_attribution,reset_state_segment_metrics,0.001,v4.1_default,ETH_extra_early_2y,2021-05-18,2023-05-17,730,,,,,,,,,,,,,,,-0.040805053757020475,-0.04559195000395333,0.004306565293147667,0.004786896246932855,0.024526654890588938,0.02043415646904409,-0.2636221556773738,0.2228171019203533
segment_metrics,reset_state_segment_metrics,0.001,v4.1_default,ETH_3y_recent,2023-05-18,2026-05-16,1095,0.0697668918090093,0.022734840616871477,0.04095418019737651,0.7039595782394321,7.453343214569021,0.02929265127081476,0.007729303814335578,581.0,0.024862305034320683,0.4986301369863014,0.24383561643835616,0.07671232876712329,0.0091324200913242,0.0,,,,,,,,
pnl_attribution,reset_state_segment_metrics,0.001,v4.1_default,ETH_3y_recent,2023-05-18,2026-05-16,1095,,,,,,,,,,,,,,,0.07649323499837787,0.0697668918090093,0.007729303814335578,0.006726343189368572,0.028650176763779216,0.02991548177313879,-0.34044944004302047,0.41694267504139826
segment_metrics,reset_state_segment_metrics,0.001,v4.1_default,ETH_5y_full,2021-05-18,2026-05-16,1825,0.019993051365981618,0.003967010816617433,0.0549427250481066,0.13356350066341402,11.273796477328904,0.02559992683612458,0.011086495811536225,949.0,0.03505816533328277,0.4876712328767123,0.21424657534246574,0.0547945205479452,0.004931506849315068,0.0,,,,,,,,
pnl_attribution,reset_state_segment_metrics,0.001,v4.1_default,ETH_5y_full,2021-05-18,2026-05-16,1825,,,,,,,,,,,,,,,0.033961397066082255,0.019993051365981618,0.011086495811536225,0.013968345700100637,0.02598412903084964,0.02522446596977355,-0.5878280856785526,0.6217894827446349
segment_metrics,reset_state_segment_metrics,0.001,v4.2_candidate_A,ETH_extra_early_2y,2021-05-18,2023-05-17,730,-0.07446642689002902,-0.03795344545600554,0.1439708129364582,-0.3148154224930643,13.652962059006985,0.07534675578430411,0.0132387856333369,368.0,0.09505078468502466,0.4712328767123288,0.39452054794520547,0.3150684931506849,0.15342465753424658,0.4,,,,,,,,
pnl_attribution,reset_state_segment_metrics,0.001,v4.2_candidate_A,ETH_extra_early_2y,2021-05-18,2023-05-17,730,,,,,,,,,,,,,,,-0.052616081442963855,-0.07446642689002902,0.0132387856333369,0.02185034544706517,0.08123628737413342,0.06952141527447298,-0.8317425684477602,0.7791264870047963
segment_metrics,reset_state_segment_metrics,0.001,v4.2_candidate_A,ETH_3y_recent,2023-05-18,2026-05-16,1095,0.21380674665389954,0.06671855389581305,0.12232566134099732,0.6584278185074869,24.179350045594298,0.09978631830651999,0.026891562052879864,581.0,0.07793075132710885,0.4995433789954338,0.4228310502283105,0.3506849315068493,0.2146118721461187,0.3506849315068493,,,,,,,,
pnl_attribution,reset_state_segment_metrics,0.001,v4.2_candidate_A,ETH_3y_recent,2023-05-18,2026-05-16,1095,,,,,,,,,,,,,,,0.23487133150721962,0.21380674665389954,0.026891562052879864,0.02106458485332008,0.09813667400627907,0.10138552384218519,-1.1578789958651714,1.392750327372391
segment_metrics,reset_state_segment_metrics,0.001,v4.2_candidate_A,ETH_5y_full,2021-05-18,2026-05-16,1825,0.06674491678084382,0.013006230292550436,0.15544156095224004,0.18113031283366174,33.24944492889214,0.07939394743468901,0.033192406451766084,949.0,0.1010423639020725,0.4876712328767123,0.40164383561643835,0.3238356164383562,0.15178082191780823,0.5216438356164383,,,,,,,,
pnl_attribution,reset_state_segment_metrics,0.001,v4.2_candidate_A,ETH_5y_full,2021-05-18,2026-05-16,1825,,,,,,,,,,,,,,,0.12169582068964917,0.06674491678084382,0.033192406451766084,0.054950903908805346,0.08121333412958373,0.07761595523664457,-1.8274631697635533,1.9491589904532023
segment_metrics,reset_state_segment_metrics,0.001,v4.2_candidate_C,ETH_extra_early_2y,2021-05-18,2023-05-17,730,-0.0866577077425128,-0.0443105670472822,0.13557061788483427,-0.40644700404317363,13.223777307366236,0.0675206094191596,0.012686945090355844,320.0,0.09147772174367982,0.4123287671232877,0.36027397260273974,0.27534246575342464,0.14520547945205478,0.37945205479452054,,,,,,,,
pnl_attribution,reset_state_segment_metrics,0.001,v4.2_candidate_C,ETH_extra_early_2y,2021-05-18,2023-05-17,730,,,,,,,,,,,,,,,-0.06751037389365194,-0.0866577077425128,0.012686945090355844,0.01914733384886086,0.07363100983815211,0.061476807369856376,-0.7539058302978312,0.6863954564041792
segment_metrics,reset_state_segment_metrics,0.001,v4.2_candidate_C,ETH_3y_recent,2023-05-18,2026-05-16,1095,0.20585421490727773,0.06438383099001221,0.11628898334181192,0.6657031392644168,22.563983192129285,0.08904063486545746,0.024872000880259208,522.0,0.07485605280583259,0.44018264840182647,0.3789954337899543,0.3187214611872146,0.1872146118721461,0.3013698630136986,,,,,,,,
pnl_attribution,reset_state_segment_metrics,0.001,v4.2_candidate_C,ETH_3y_recent,2023-05-18,2026-05-16,1095,,,,,,,,,,,,,,,0.22504761064384318,0.20585421490727773,0.024872000880259208,0.01919339573656545,0.08724060253794999,0.09078563023331095,-1.0395019889030943,1.2645495995469376
segment_metrics,reset_state_segment_metrics,0.001,v4.2_candidate_C,ETH_5y_full,2021-05-18,2026-05-16,1825,0.05350115004874456,0.01047832634119894,0.14993617929036385,0.1587648870061045,31.512725342781053,0.07124609131157104,0.030987990380004073,842.0,0.09739379135135691,0.4284931506849315,0.3649315068493151,0.286027397260274,0.13917808219178082,0.4843835616438356,,,,,,,,
pnl_attribution,reset_state_segment_metrics,0.001,v4.2_candidate_C,ETH_5y_full,2021-05-18,2026-05-16,1825,,,,,,,,,,,,,,,0.10513591098389999,0.05350115004874456,0.030987990380004073,0.05163476093515543,0.07306196730000622,0.0694715299447579,-1.6510639361131294,1.7561998470970293
segment_metrics,reset_state_segment_metrics,0.001,v4.2_candidate_D,ETH_extra_early_2y,2021-05-18,2023-05-17,730,-0.08675900995848063,-0.044363568064967884,0.13500892197939163,-0.40730732884569654,13.07462846635336,0.06767119215206063,0.012542588936322385,274.0,0.0911983360003927,0.40684931506849314,0.36164383561643837,0.27808219178082194,0.14520547945205478,0.37534246575342467,,,,,,,,
pnl_attribution,reset_state_segment_metrics,0.001,v4.2_candidate_D,ETH_extra_early_2y,2021-05-18,2023-05-17,730,,,,,,,,,,,,,,,-0.06778194594371074,-0.08675900995848063,0.012542588936322385,0.01897706401476988,0.07383695504633069,0.06157263103320496,-0.7543272445218379,0.6865452985781271
segment_metrics,reset_state_segment_metrics,0.001,v4.2_candidate_D,ETH_3y_recent,2023-05-18,2026-05-16,1095,0.2043817183765857,0.06395040659860585,0.11656155116289024,0.6632414254261345,22.077698233702,0.08914165569166367,0.02431630456576785,429.0,0.07500665287111868,0.5059360730593607,0.3771689497716895,0.3187214611872146,0.1872146118721461,0.3059360730593607,,,,,,,,
pnl_attribution,reset_state_segment_metrics,0.001,v4.2_candidate_D,ETH_3y_recent,2023-05-18,2026-05-16,1095,,,,,,,,,,,,,,,0.22325756551807768,0.2043817183765857,0.02431630456576785,0.018875847141491986,0.08736779347886502,0.0908612811101861,-1.0398759980958836,1.2631335636139611
segment_metrics,reset_state_segment_metrics,0.001,v4.2_candidate_D,ETH_5y_full,2021-05-18,2026-05-16,1825,0.0511315737123772,0.010023355280415203,0.14999388449254658,0.15400210057669947,30.799331195068824,0.07124755003497828,0.030265203688245555,685.0,0.09739735962693116,0.4641095890410959,0.3649315068493151,0.28712328767123285,0.13917808219178082,0.48547945205479454,,,,,,,,
pnl_attribution,reset_state_segment_metrics,0.001,v4.2_candidate_D,ETH_5y_full,2021-05-18,2026-05-16,1825,,,,,,,,,,,,,,,0.1021100404588606,0.0511315737123772,0.030265203688245555,0.0509784667464834,0.07310254705701985,0.06943475771224644,-1.6513491190936669,1.7534591595525275
segment_metrics,reset_state_segment_metrics,0.001,true_buy_and_hold,ETH_extra_early_2y,2021-05-18,2023-05-17,730,-0.4454554959466994,-0.2553225503257799,0.7930253453633335,0.10215899760540786,1.0,1.0,0.001,1.0,0.46977675565264493,1.0,1.0,1.0,1.0,,,,,,,,,
pnl_attribution,reset_state_segment_metrics,0.001,true_buy_and_hold,ETH_extra_early_2y,2021-05-18,2023-05-17,730,,,,,,,,,,,,,,,0.17896882028160732,-0.4454554959466994,0.001,0.6244243162283067,1.0,1.0,-11.730490544480467,11.909459364762077
segment_metrics,reset_state_segment_metrics,0.001,true_buy_and_hold,ETH_3y_recent,2023-05-18,2026-05-16,1095,0.1966979617149256,0.06168296842620569,0.6375196811651249,0.41403117494391584,1.0,1.0,0.001,1.0,0.2486314840580647,1.0,1.0,1.0,1.0,,,,,,,,,
pnl_attribution,reset_state_segment_metrics,0.001,true_buy_and_hold,ETH_3y_recent,2023-05-18,2026-05-16,1095,,,,,,,,,,,,,,,0.8087408675259184,0.1966979617149256,0.001,0.6120429058109929,1.0,1.0,-12.378189965040455,13.186930832566375
segment_metrics,reset_state_segment_metrics,0.001,true_buy_and_hold,ETH_5y_full,2021-05-18,2026-05-16,1825,-0.3357103923521939,-0.07855059985962243,0.7930253453633335,0.2643766624188043,1.0,1.0,0.001,1.0,0.4489747671795126,1.0,1.0,1.0,1.0,,,,,,,,,
pnl_attribution,reset_state_segment_metrics,0.001,true_buy_and_hold,ETH_5y_full,2021-05-18,2026-05-16,1825,,,,,,,,,,,,,,,0.9877141828764351,-0.3357103923521939,0.001,1.3234245752286289,1.0,1.0,-24.108676014452016,25.09639019732845
segment_metrics,reset_state_segment_metrics,0.001,fixed_0_5_exposure,ETH_extra_early_2y,2021-05-18,2023-05-17,730,-0.10897156216602988,-0.05605697320549574,0.5193367154483004,0.0860067745171676,0.5,0.49931506849315066,0.0005,1.0,0.2547590660281097,1.0,1.0,1.0,1.0,,,,,,,,,
pnl_attribution,reset_state_segment_metrics,0.001,fixed_0_5_exposure,ETH_extra_early_2y,2021-05-18,2023-05-17,730,,,,,,,,,,,,,,,0.07538544319173113,-0.10897156216602988,0.0005,0.184357005357761,0.5,0.4986376021798365,-5.865245272240234,5.940630715431966
segment_metrics,reset_state_segment_metrics,0.001,fixed_0_5_exposure,ETH_3y_recent,2023-05-18,2026-05-16,1095,0.2867437113980327,0.08767050450947966,0.3778080637128193,0.4201200062169171,0.5,0.4995433789954338,0.0005,1.0,0.12603301680360154,1.0,1.0,1.0,1.0,,,,,,,,,
pnl_attribution,reset_state_segment_metrics,0.001,fixed_0_5_exposure,ETH_3y_recent,2023-05-18,2026-05-16,1095,,,,,,,,,,,,,,,0.410286619305075,0.2867437113980327,0.0005,0.12354290790704231,0.49907235621521334,0.5,-6.183178796978112,6.593465416283188
segment_metrics,reset_state_segment_metrics,0.001,fixed_0_5_exposure,ETH_5y_full,2021-05-18,2026-05-16,1825,0.14031492647152355,0.02660875074007718,0.5193367154483004,0.25686135314950864,0.5,0.4997260273972603,0.0005,1.0,0.2135255357946275,1.0,1.0,1.0,1.0,,,,,,,,,
pnl_attribution,reset_state_segment_metrics,0.001,fixed_0_5_exposure,ETH_5y_full,2021-05-18,2026-05-16,1825,,,,,,,,,,,,,,,0.479758124489145,0.14031492647152355,0.0005,0.33944319801762146,0.5,0.49945828819068255,-12.054338007226008,12.534096131715152
segment_metrics,continuous_state_segment_metrics,0.002,v4.1_default,ETH_extra_early_2y,2021-05-18,2023-05-17,730,-0.04956875906415015,-0.02509936868630047,0.05301235659949288,-0.662314047979043,4.41124538007384,0.022266195075321696,0.008518423179552908,368.0,0.0378449005203931,0.4712328767123288,0.1958904109589041,0.03287671232876712,0.0,0.0,,,,,,,,
pnl_attribution,continuous_state_segment_metrics,0.002,v4.1_default,ETH_extra_early_2y,2021-05-18,2023-05-17,730,,,,,,,,,,,,,,,-0.040620375292890115,-0.04956875906415015,0.008518423179552908,0.008948383771260032,0.024302655383086458,0.02025193052023011,-0.2616355075508464,0.22101513225795633
segment_metrics,continuous_state_segment_metrics,0.002,v4.1_default,ETH_3y_recent,2023-05-18,2026-05-16,1095,0.05951632564084619,0.019457716885533882,0.05936863308949636,0.6334347480763901,6.754805838153837,0.02735829341596897,0.013311413696026413,581.0,0.03665538491563276,0.4986301369863014,0.21643835616438356,0.0684931506849315,0.00821917808219178,0.0,,,,,,,,
pnl_attribution,continuous_state_segment_metrics,0.002,v4.1_default,ETH_3y_recent,2023-05-18,2026-05-16,1095,,,,,,,,,,,,,,,0.07277648924620911,0.05951632564084619,0.013311413696026413,0.013260163605362918,0.026677929460177323,0.02801785487670943,-0.3212293687424205,0.3940058579886296
segment_metrics,continuous_state_segment_metrics,0.002,v4.1_default,ETH_5y_full,2021-05-18,2026-05-16,1825,0.00699741617062144,0.0013955824931257688,0.05936863308949636,0.058243396893069205,11.166051218227677,0.025321454079710058,0.02182983687557932,949.0,0.0371311911575369,0.4876712328767123,0.20821917808219179,0.054246575342465755,0.004931506849315068,0.0,,,,,,,,
pnl_attribution,continuous_state_segment_metrics,0.002,v4.1_default,ETH_5y_full,2021-05-18,2026-05-16,1825,,,,,,,,,,,,,,,0.032156113953318986,0.00699741617062144,0.02182983687557932,0.025158697782697546,0.025722026477933445,0.024929995463028057,-0.5828648762932669,0.6150209902465859
segment_metrics,continuous_state_segment_metrics,0.002,v4.2_candidate_A,ETH_extra_early_2y,2021-05-18,2023-05-17,730,-0.08505466212906321,-0.04347224929386562,0.14819119454937002,-0.3741224406698766,13.361827178731328,0.07373762113073178,0.02576492423586283,368.0,0.09862353627443216,0.4712328767123288,0.39315068493150684,0.30547945205479454,0.14931506849315068,0.5465753424657535,,,,,,,,
pnl_attribution,continuous_state_segment_metrics,0.002,v4.2_candidate_A,ETH_extra_early_2y,2021-05-18,2023-05-17,730,,,,,,,,,,,,,,,-0.051292214866394195,-0.08505466212906321,0.02576492423586283,0.03376244726266901,0.0794697880472638,0.06806793014789493,-0.8163402339986773,0.765048019132283
segment_metrics,continuous_state_segment_metrics,0.002,v4.2_candidate_A,ETH_3y_recent,2023-05-18,2026-05-16,1095,0.10840359943050215,0.034902197556107906,0.162933473061333,0.42998529430622123,18.939309148738413,0.07883420837618377,0.03734102762547193,581.0,0.109894065448095,0.4986301369863014,0.40365296803652967,0.3232876712328767,0.13881278538812786,0.6292237442922375,,,,,,,,
pnl_attribution,continuous_state_segment_metrics,0.002,v4.2_candidate_A,ETH_3y_recent,2023-05-18,2026-05-16,1095,,,,,,,,,,,,,,,0.15258756671799292,0.10840359943050215,0.03734102762547193,0.04418396728749077,0.07829800953149631,0.07935401265187897,-0.9650822807620063,1.117669847479999
segment_metrics,continuous_state_segment_metrics,0.002,v4.2_candidate_A,ETH_5y_full,2021-05-18,2026-05-16,1825,0.014128705778303274,0.0028099055829069464,0.162933473061333,0.07716219530871814,32.30113632746974,0.07679557347800298,0.06310595186133476,949.0,0.10538585377862986,0.4876712328767123,0.39945205479452056,0.31616438356164384,0.143013698630137,0.5961643835616438,,,,,,,,
pnl_attribution,continuous_state_segment_metrics,0.002,v4.2_candidate_A,ETH_5y_full,2021-05-18,2026-05-16,1825,,,,,,,,,,,,,,,0.10129535185159877,0.014128705778303274,0.06310595186133476,0.0871666460732955,0.07876957893418324,0.07486648038864804,-1.7814225147606835,1.8827178666122824
segment_metrics,continuous_state_segment_metrics,0.002,v4.2_candidate_C,ETH_extra_early_2y,2021-05-18,2023-05-17,730,-0.09675525606577284,-0.04960811033856816,0.1396301104386578,-0.4673204411019821,12.953233238712105,0.06618537093253932,0.02471704612096219,320.0,0.09487705506513379,0.4123287671232877,0.36027397260273974,0.27123287671232876,0.1410958904109589,0.40273972602739727,,,,,,,,
pnl_attribution,continuous_state_segment_metrics,0.002,v4.2_candidate_C,ETH_extra_early_2y,2021-05-18,2023-05-17,730,,,,,,,,,,,,,,,-0.06614059122603504,-0.09675525606577284,0.02471704612096219,0.030614664839737807,0.072164849650898,0.06027106364435348,-0.7410954193194386,0.6749548280934035
segment_metrics,continuous_state_segment_metrics,0.002,v4.2_candidate_C,ETH_3y_recent,2023-05-18,2026-05-16,1095,0.11302577102882405,0.036338756605255984,0.15710938481666903,0.46157694417749795,17.741142863404264,0.07096474273453628,0.03445707376442639,522.0,0.10592474087245585,0.4392694063926941,0.36621004566210047,0.28584474885844746,0.1278538812785388,0.5990867579908675,,,,,,,,
pnl_attribution,continuous_state_segment_metrics,0.002,v4.2_candidate_C,ETH_3y_recent,2023-05-18,2026-05-16,1095,,,,,,,,,,,,,,,0.1533664484709995,0.11302577102882405,0.03445707376442639,0.040340677442175454,0.07025933959388053,0.07164857779355326,-0.87139689315506,1.0247633416260595
segment_metrics,continuous_state_segment_metrics,0.002,v4.2_candidate_C,ETH_5y_full,2021-05-18,2026-05-16,1825,0.005334677545125954,0.0010646660664466179,0.15710938481666903,0.05716121038739514,30.694376102116372,0.06905299401373749,0.05917411988538858,842.0,0.10150566654952702,0.4284931506849315,0.36383561643835616,0.28,0.13315068493150686,0.5205479452054794,,,,,,,,
pnl_attribution,continuous_state_segment_metrics,0.002,v4.2_candidate_C,ETH_5y_full,2021-05-18,2026-05-16,1825,,,,,,,,,,,,,,,0.08722585724496443,0.005334677545125954,0.05917411988538858,0.08189117969983847,0.07102619120219243,0.06712469080248466,-1.6124923124744985,1.6997181697194628
segment_metrics,continuous_state_segment_metrics,0.002,v4.2_candidate_D,ETH_extra_early_2y,2021-05-18,2023-05-17,730,-0.09634374068567109,-0.049391637258366594,0.13903269189238598,-0.4653706825630483,12.808848775508174,0.06633608158871027,0.024440990052319103,274.0,0.09455212093033667,0.40684931506849314,0.36027397260273974,0.273972602739726,0.1410958904109589,0.40136986301369865,,,,,,,,
pnl_attribution,continuous_state_segment_metrics,0.002,v4.2_candidate_D,ETH_extra_early_2y,2021-05-18,2023-05-17,730,,,,,,,,,,,,,,,-0.06598578565071414,-0.09634374068567109,0.024440990052319103,0.030357955034956946,0.07235898096138438,0.06037882689584733,-0.7412067663741512,0.6752209807234371
segment_metrics,continuous_state_segment_metrics,0.002,v4.2_candidate_D,ETH_3y_recent,2023-05-18,2026-05-16,1095,0.11279576487783727,0.036267365413216845,0.15672436677058899,0.4609353811721568,17.175266022122067,0.07108435366326374,0.03341313154637221,408.0,0.10586943929750245,0.4511415525114155,0.3643835616438356,0.2876712328767123,0.1278538812785388,0.6,,,,,,,,
pnl_attribution,continuous_state_segment_metrics,0.002,v4.2_candidate_D,ETH_3y_recent,2023-05-18,2026-05-16,1095,,,,,,,,,,,,,,,0.15201866477219003,0.11279576487783727,0.03341313154637221,0.039222899894352764,0.0703449040224359,0.07180119423233969,-0.8736062142103952,1.0256248789825853
segment_metrics,continuous_state_segment_metrics,0.002,v4.2_candidate_D,ETH_5y_full,2021-05-18,2026-05-16,1825,0.005584858270333948,0.0011144847315400774,0.15672436677058899,0.057693665473877644,29.98411479763024,0.06918504483344236,0.05785412159869131,682.0,0.10134251195063614,0.4334246575342466,0.36273972602739724,0.2821917808219178,0.13315068493150686,0.5205479452054794,,,,,,,,
pnl_attribution,continuous_state_segment_metrics,0.002,v4.2_candidate_D,ETH_5y_full,2021-05-18,2026-05-16,1825,,,,,,,,,,,,,,,0.08603287912147586,0.005584858270333948,0.05785412159869131,0.08044802085114192,0.0711554471807932,0.06725947287535951,-1.6148129805845461,1.7008458597060223
segment_metrics,continuous_state_segment_metrics,0.002,true_buy_and_hold,ETH_extra_early_2y,2021-05-18,2023-05-17,730,-0.4460105955503564,-0.25569535507989494,0.7930253453633335,0.10157050859385487,1.0,1.0,0.002,1.0,0.46977675565264493,1.0,1.0,1.0,1.0,,,,,,,,,
pnl_attribution,continuous_state_segment_metrics,0.002,true_buy_and_hold,ETH_extra_early_2y,2021-05-18,2023-05-17,730,,,,,,,,,,,,,,,0.17896882028160732,-0.4460105955503564,0.002,0.6249794158319637,1.0,1.0,-11.730490544480467,11.909459364762077
segment_metrics,continuous_state_segment_metrics,0.002,true_buy_and_hold,ETH_3y_recent,2023-05-18,2026-05-16,1095,0.19790134568524564,0.06203872075346939,0.6935490580243677,0.4145442327522022,0.0,1.0,0.0,0.0,0.43510677486409105,1.0,1.0,1.0,1.0,,,,,,,,,
pnl_attribution,continuous_state_segment_metrics,0.002,true_buy_and_hold,ETH_3y_recent,2023-05-18,2026-05-16,1095,,,,,,,,,,,,,,,0.8087453625948278,0.19790134568524564,0.0,0.6108440169095821,1.0,1.0,-12.378185469971548,13.186930832566375
segment_metrics,continuous_state_segment_metrics,0.002,true_buy_and_hold,ETH_5y_full,2021-05-18,2026-05-16,1825,-0.33637534691440407,-0.07873514812200388,0.7930253453633335,0.2641037085693082,1.0,1.0,0.002,1.0,0.44897476717951257,1.0,1.0,1.0,1.0,,,,,,,,,
pnl_attribution,continuous_state_segment_metrics,0.002,true_buy_and_hold,ETH_5y_full,2021-05-18,2026-05-16,1825,,,,,,,,,,,,,,,0.9877141828764351,-0.33637534691440407,0.002,1.324089529790839,1.0,1.0,-24.108676014452016,25.09639019732845
segment_metrics,continuous_state_segment_metrics,0.002,fixed_0_5_exposure,ETH_extra_early_2y,2021-05-18,2023-05-17,730,-0.1094172992534902,-0.05629310654922637,0.5193367154483008,0.08543242284784644,0.5,0.49931506849315066,0.001,1.0,0.25480679719469385,1.0,1.0,1.0,1.0,,,,,,,,,
pnl_attribution,continuous_state_segment_metrics,0.002,fixed_0_5_exposure,ETH_extra_early_2y,2021-05-18,2023-05-17,730,,,,,,,,,,,,,,,0.07538544319173113,-0.1094172992534902,0.001,0.18480274244522132,0.5,0.4986376021798365,-5.865245272240234,5.940630715431966
segment_metrics,continuous_state_segment_metrics,0.002,fixed_0_5_exposure,ETH_3y_recent,2023-05-18,2026-05-16,1095,0.27977388605413234,0.0857031087397786,0.37780806371281894,0.41454423275219826,0.0,0.5,0.0,0.0,0.18603651563897264,1.0,1.0,1.0,1.0,,,,,,,,,
pnl_attribution,continuous_state_segment_metrics,0.002,fixed_0_5_exposure,ETH_3y_recent,2023-05-18,2026-05-16,1095,,,,,,,,,,,,,,,0.4043726812974139,0.27977388605413234,0.0,0.12459879524328155,0.5,0.5,-6.189092734985774,6.593465416283188
segment_metrics,continuous_state_segment_metrics,0.002,fixed_0_5_exposure,ETH_5y_full,2021-05-18,2026-05-16,1825,0.13974448378694526,0.026506017949993854,0.5193367154483008,0.2565931884968967,0.5,0.4997260273972603,0.001,1.0,0.21354462826126114,1.0,1.0,1.0,1.0,,,,,,,,,
pnl_attribution,continuous_state_segment_metrics,0.002,fixed_0_5_exposure,ETH_5y_full,2021-05-18,2026-05-16,1825,,,,,,,,,,,,,,,0.479758124489145,0.13974448378694526,0.001,0.34001364070219975,0.5,0.49945828819068255,-12.054338007226008,12.534096131715152
segment_metrics,reset_state_segment_metrics,0.002,v4.1_default,ETH_extra_early_2y,2021-05-18,2023-05-17,730,-0.04956875906415015,-0.02509936868630047,0.05301235659949288,-0.662314047979043,4.41124538007384,0.022266195075321696,0.008518423179552908,368.0,0.0378449005203931,0.4712328767123288,0.1958904109589041,0.03287671232876712,0.0,0.0,,,,,,,,
pnl_attribution,reset_state_segment_metrics,0.002,v4.1_default,ETH_extra_early_2y,2021-05-18,2023-05-17,730,,,,,,,,,,,,,,,-0.040620375292890115,-0.04956875906415015,0.008518423179552908,0.008948383771260032,0.024302655383086458,0.02025193052023011,-0.2616355075508464,0.22101513225795633
segment_metrics,reset_state_segment_metrics,0.002,v4.1_default,ETH_3y_recent,2023-05-18,2026-05-16,1095,0.061312449933015545,0.02003346357374003,0.0420476046906445,0.6247132950032563,7.427540857514202,0.029182120701560753,0.01534416030244551,581.0,0.025862090248508673,0.4986301369863014,0.24292237442922374,0.07579908675799087,0.0091324200913242,0.0,,,,,,,,
pnl_attribution,reset_state_segment_metrics,0.002,v4.1_default,ETH_3y_recent,2023-05-18,2026-05-16,1095,,,,,,,,,,,,,,,0.07594922030471571,0.061312449933015545,0.01534416030244551,0.014636770371700164,0.028551762634500925,0.029793205230598967,-0.33924241761638396,0.4151916379210997
segment_metrics,reset_state_segment_metrics,0.002,v4.1_default,ETH_5y_full,2021-05-18,2026-05-16,1825,0.00699741617062144,0.0013955824931257688,0.05936863308949636,0.058243396893069205,11.166051218227677,0.025321454079710058,0.02182983687557932,949.0,0.0371311911575369,0.4876712328767123,0.20821917808219179,0.054246575342465755,0.004931506849315068,0.0,,,,,,,,
pnl_attribution,reset_state_segment_metrics,0.002,v4.1_default,ETH_5y_full,2021-05-18,2026-05-16,1825,,,,,,,,,,,,,,,0.032156113953318986,0.00699741617062144,0.02182983687557932,0.025158697782697546,0.025722026477933445,0.024929995463028057,-0.5828648762932669,0.6150209902465859
segment_metrics,reset_state_segment_metrics,0.002,v4.2_candidate_A,ETH_extra_early_2y,2021-05-18,2023-05-17,730,-0.08505466212906321,-0.04347224929386562,0.14819119454937002,-0.3741224406698766,13.361827178731328,0.07373762113073178,0.02576492423586283,368.0,0.09862353627443216,0.4712328767123288,0.39315068493150684,0.30547945205479454,0.14931506849315068,0.5465753424657535,,,,,,,,
pnl_attribution,reset_state_segment_metrics,0.002,v4.2_candidate_A,ETH_extra_early_2y,2021-05-18,2023-05-17,730,,,,,,,,,,,,,,,-0.051292214866394195,-0.08505466212906321,0.02576492423586283,0.03376244726266901,0.0794697880472638,0.06806793014789493,-0.8163402339986773,0.765048019132283
segment_metrics,reset_state_segment_metrics,0.002,v4.2_candidate_A,ETH_3y_recent,2023-05-18,2026-05-16,1095,0.1770122285718112,0.055829174836264706,0.1250947980942615,0.5684527902827107,23.869279636611367,0.09838242621539174,0.052280100222163936,581.0,0.0807926515056554,0.4995433789954338,0.4228310502283105,0.34885844748858447,0.2100456621004566,0.37168949771689497,,,,,,,,
pnl_attribution,reset_state_segment_metrics,0.002,v4.2_candidate_A,ETH_3y_recent,2023-05-18,2026-05-16,1095,,,,,,,,,,,,,,,0.22717325429271631,0.1770122285718112,0.052280100222163936,0.05016102572090511,0.09687525614573034,0.09984351374695198,-1.1429009262359948,1.3700741805287113
segment_metrics,reset_state_segment_metrics,0.002,v4.2_candidate_A,ETH_5y_full,2021-05-18,2026-05-16,1825,0.014128705778303274,0.0028099055829069464,0.162933473061333,0.07716219530871814,32.30113632746974,0.07679557347800298,0.06310595186133476,949.0,0.10538585377862986,0.4876712328767123,0.39945205479452056,0.31616438356164384,0.143013698630137,0.5961643835616438,,,,,,,,
pnl_attribution,reset_state_segment_metrics,0.002,v4.2_candidate_A,ETH_5y_full,2021-05-18,2026-05-16,1825,,,,,,,,,,,,,,,0.10129535185159877,0.014128705778303274,0.06310595186133476,0.0871666460732955,0.07876957893418324,0.07486648038864804,-1.7814225147606835,1.8827178666122824
segment_metrics,reset_state_segment_metrics,0.002,v4.2_candidate_C,ETH_extra_early_2y,2021-05-18,2023-05-17,730,-0.09675525606577284,-0.04960811033856816,0.1396301104386578,-0.4673204411019821,12.953233238712105,0.06618537093253932,0.02471704612096219,320.0,0.09487705506513379,0.4123287671232877,0.36027397260273974,0.27123287671232876,0.1410958904109589,0.40273972602739727,,,,,,,,
pnl_attribution,reset_state_segment_metrics,0.002,v4.2_candidate_C,ETH_extra_early_2y,2021-05-18,2023-05-17,730,,,,,,,,,,,,,,,-0.06614059122603504,-0.09675525606577284,0.02471704612096219,0.030614664839737807,0.072164849650898,0.06027106364435348,-0.7410954193194386,0.6749548280934035
segment_metrics,reset_state_segment_metrics,0.002,v4.2_candidate_C,ETH_3y_recent,2023-05-18,2026-05-16,1095,0.1721164776270261,0.05436324269587689,0.11977793023844474,0.5782721666509791,22.303326581062347,0.0878694141995506,0.04847655279995729,522.0,0.0775407879325652,0.44018264840182647,0.3780821917808219,0.3150684931506849,0.18447488584474886,0.3406392694063927,,,,,,,,
pnl_attribution,reset_state_segment_metrics,0.002,v4.2_candidate_C,ETH_3y_recent,2023-05-18,2026-05-16,1095,,,,,,,,,,,,,,,0.2183165863669593,0.1721164776270261,0.04847655279995729,0.046200108739933216,0.08618740571750383,0.08949999436470024,-1.0269782490459516,1.2452948354129107
segment_metrics,reset_state_segment_metrics,0.002,v4.2_candidate_C,ETH_5y_full,2021-05-18,2026-05-16,1825,0.005334677545125954,0.0010646660664466179,0.15710938481666903,0.05716121038739514,30.694376102116372,0.06905299401373749,0.05917411988538858,842.0,0.10150566654952702,0.4284931506849315,0.36383561643835616,0.28,0.13315068493150686,0.5205479452054794,,,,,,,,
pnl_attribution,reset_state_segment_metrics,0.002,v4.2_candidate_C,ETH_5y_full,2021-05-18,2026-05-16,1825,,,,,,,,,,,,,,,0.08722585724496443,0.005334677545125954,0.05917411988538858,0.08189117969983847,0.07102619120219243,0.06712469080248466,-1.6124923124744985,1.6997181697194628
segment_metrics,reset_state_segment_metrics,0.002,v4.2_candidate_D,ETH_extra_early_2y,2021-05-18,2023-05-17,730,-0.09634374068567109,-0.049391637258366594,0.13903269189238598,-0.4653706825630483,12.808848775508174,0.06633608158871027,0.024440990052319103,274.0,0.09455212093033667,0.40684931506849314,0.36027397260273974,0.273972602739726,0.1410958904109589,0.40136986301369865,,,,,,,,
pnl_attribution,reset_state_segment_metrics,0.002,v4.2_candidate_D,ETH_extra_early_2y,2021-05-18,2023-05-17,730,,,,,,,,,,,,,,,-0.06598578565071414,-0.09634374068567109,0.024440990052319103,0.030357955034956946,0.07235898096138438,0.06037882689584733,-0.7412067663741512,0.6752209807234371
segment_metrics,reset_state_segment_metrics,0.002,v4.2_candidate_D,ETH_3y_recent,2023-05-18,2026-05-16,1095,0.17043994700502907,0.053860301858862814,0.12032953750286157,0.5749290092459366,21.80481915982165,0.08810280820914707,0.04735849076198115,426.0,0.07767906475112844,0.5196347031963471,0.37625570776255707,0.3150684931506849,0.18447488584474886,0.3424657534246575,,,,,,,,
pnl_attribution,reset_state_segment_metrics,0.002,v4.2_candidate_D,ETH_3y_recent,2023-05-18,2026-05-16,1095,,,,,,,,,,,,,,,0.21580129925409836,0.17043994700502907,0.04735849076198115,0.04536135224906929,0.08645815684832443,0.08969717346721075,-1.0293188997729104,1.2451201990270087
segment_metrics,reset_state_segment_metrics,0.002,v4.2_candidate_D,ETH_5y_full,2021-05-18,2026-05-16,1825,0.005584858270333948,0.0011144847315400774,0.15672436677058899,0.057693665473877644,29.98411479763024,0.06918504483344236,0.05785412159869131,682.0,0.10134251195063614,0.4334246575342466,0.36273972602739724,0.2821917808219178,0.13315068493150686,0.5205479452054794,,,,,,,,
pnl_attribution,reset_state_segment_metrics,0.002,v4.2_candidate_D,ETH_5y_full,2021-05-18,2026-05-16,1825,,,,,,,,,,,,,,,0.08603287912147586,0.005584858270333948,0.05785412159869131,0.08044802085114192,0.0711554471807932,0.06725947287535951,-1.6148129805845461,1.7008458597060223
segment_metrics,reset_state_segment_metrics,0.002,true_buy_and_hold,ETH_extra_early_2y,2021-05-18,2023-05-17,730,-0.4460105955503564,-0.25569535507989494,0.7930253453633335,0.10157050859385487,1.0,1.0,0.002,1.0,0.46977675565264493,1.0,1.0,1.0,1.0,,,,,,,,,
pnl_attribution,reset_state_segment_metrics,0.002,true_buy_and_hold,ETH_extra_early_2y,2021-05-18,2023-05-17,730,,,,,,,,,,,,,,,0.17896882028160732,-0.4460105955503564,0.002,0.6249794158319637,1.0,1.0,-11.730490544480467,11.909459364762077
segment_metrics,reset_state_segment_metrics,0.002,true_buy_and_hold,ETH_3y_recent,2023-05-18,2026-05-16,1095,0.1955000658573529,0.06132860158799036,0.6375196811651249,0.4135201424506676,1.0,1.0,0.002,1.0,0.24863602218100186,1.0,1.0,1.0,1.0,,,,,,,,,
pnl_attribution,reset_state_segment_metrics,0.002,true_buy_and_hold,ETH_3y_recent,2023-05-18,2026-05-16,1095,,,,,,,,,,,,,,,0.8087408675259184,0.1955000658573529,0.002,0.6132408016685655,1.0,1.0,-12.378189965040455,13.186930832566375
segment_metrics,reset_state_segment_metrics,0.002,true_buy_and_hold,ETH_5y_full,2021-05-18,2026-05-16,1825,-0.33637534691440407,-0.07873514812200388,0.7930253453633335,0.2641037085693082,1.0,1.0,0.002,1.0,0.44897476717951257,1.0,1.0,1.0,1.0,,,,,,,,,
pnl_attribution,reset_state_segment_metrics,0.002,true_buy_and_hold,ETH_5y_full,2021-05-18,2026-05-16,1825,,,,,,,,,,,,,,,0.9877141828764351,-0.33637534691440407,0.002,1.324089529790839,1.0,1.0,-24.108676014452016,25.09639019732845
segment_metrics,reset_state_segment_metrics,0.002,fixed_0_5_exposure,ETH_extra_early_2y,2021-05-18,2023-05-17,730,-0.1094172992534902,-0.05629310654922637,0.5193367154483008,0.08543242284784644,0.5,0.49931506849315066,0.001,1.0,0.25480679719469385,1.0,1.0,1.0,1.0,,,,,,,,,
pnl_attribution,reset_state_segment_metrics,0.002,fixed_0_5_exposure,ETH_extra_early_2y,2021-05-18,2023-05-17,730,,,,,,,,,,,,,,,0.07538544319173113,-0.1094172992534902,0.001,0.18480274244522132,0.5,0.4986376021798365,-5.865245272240234,5.940630715431966
segment_metrics,reset_state_segment_metrics,0.002,fixed_0_5_exposure,ETH_3y_recent,2023-05-18,2026-05-16,1095,0.2861000176954829,0.08748910515579733,0.3778080637128195,0.4196066543745232,0.5,0.4995433789954338,0.001,1.0,0.12603347342460622,1.0,1.0,1.0,1.0,,,,,,,,,
pnl_attribution,reset_state_segment_metrics,0.002,fixed_0_5_exposure,ETH_3y_recent,2023-05-18,2026-05-16,1095,,,,,,,,,,,,,,,0.410286619305075,0.2861000176954829,0.001,0.1241866016095921,0.49907235621521334,0.5,-6.183178796978112,6.593465416283188
segment_metrics,reset_state_segment_metrics,0.002,fixed_0_5_exposure,ETH_5y_full,2021-05-18,2026-05-16,1825,0.13974448378694526,0.026506017949993854,0.5193367154483008,0.2565931884968967,0.5,0.4997260273972603,0.001,1.0,0.21354462826126114,1.0,1.0,1.0,1.0,,,,,,,,,
pnl_attribution,reset_state_segment_metrics,0.002,fixed_0_5_exposure,ETH_5y_full,2021-05-18,2026-05-16,1825,,,,,,,,,,,,,,,0.479758124489145,0.13974448378694526,0.001,0.34001364070219975,0.5,0.49945828819068255,-12.054338007226008,12.534096131715152
